filename,width,height,xmin,ymin,xmax,ymax,class
00000.jpg,800,1360,774,411,815,446,priority_at_next_intersection_(danger)
00001.jpg,800,1360,983,388,1024,432,roundabout_(mandatory)
00001.jpg,800,1360,386,494,442,552,keep_right_(mandatory)
00001.jpg,800,1360,973,335,1031,390,give_way_(other)
00002.jpg,800,1360,892,476,1006,592,keep_left_(mandatory)
00003.jpg,800,1360,742,443,765,466,speed_limit_70_(prohibitory)
00003.jpg,800,1360,742,466,764,489,no_overtaking_(prohibitory)
00003.jpg,800,1360,737,412,769,443,bend_(danger)
00004.jpg,800,1360,898,342,967,409,bend_(danger)
00004.jpg,800,1360,906,407,955,459,speed_limit_50_(prohibitory)
00005.jpg,800,1360,1172,164,1284,278,no_overtaking_(prohibitory)
00006.jpg,800,1360,926,350,989,414,speed_limit_50_(prohibitory)
00007.jpg,800,1360,825,406,864,445,no_overtaking_(prohibitory)
00008.jpg,800,1360,785,460,811,486,speed_limit_50_(prohibitory)
00008.jpg,800,1360,779,424,816,461,priority_road_(other)
00009.jpg,800,1360,925,466,949,490,speed_limit_70_(prohibitory)
00010.jpg,800,1360,1193,358,1269,436,priority_road_(other)
00011.jpg,800,1360,720,338,770,398,speed_limit_30_(prohibitory)
00011.jpg,800,1360,710,265,780,342,bend_(danger)
00012.jpg,800,1360,979,364,1034,418,speed_limit_30_(prohibitory)
00013.jpg,800,1360,1043,281,1120,356,speed_limit_50_(prohibitory)
00014.jpg,800,1360,712,492,732,511,bend_(danger)
00015.jpg,800,1360,770,426,808,462,construction_(danger)
00016.jpg,800,1360,901,421,959,478,priority_road_(other)
00017.jpg,800,1360,908,302,1031,408,snow_(danger)
00017.jpg,800,1360,575,495,598,515,priority_at_next_intersection_(danger)
00018.jpg,800,1360,950,455,981,486,speed_limit_70_(prohibitory)
00019.jpg,800,1360,838,366,896,422,priority_road_(other)
00019.jpg,800,1360,845,423,888,465,speed_limit_50_(prohibitory)
00020.jpg,800,1360,825,428,862,463,slippery_road_(danger)
00021.jpg,800,1360,825,388,877,437,pedestrian_crossing_(danger)
00022.jpg,800,1360,667,472,692,497,pedestrian_crossing_(danger)
00023.jpg,800,1360,998,292,1074,371,speed_limit_30_(prohibitory)
00023.jpg,800,1360,46,350,136,444,slippery_road_(danger)
00023.jpg,800,1360,945,435,1006,492,slippery_road_(danger)
00024.jpg,800,1360,112,463,143,492,give_way_(other)
00025.jpg,800,1360,731,422,772,459,give_way_(other)
00025.jpg,800,1360,734,463,767,497,roundabout_(mandatory)
00026.jpg,800,1360,453,411,492,451,speed_limit_30_(prohibitory)
00027.jpg,800,1360,969,386,1024,441,speed_limit_50_(prohibitory)
00027.jpg,800,1360,102,375,157,430,speed_limit_50_(prohibitory)
00028.jpg,800,1360,775,399,833,453,construction_(danger)
00028.jpg,800,1360,391,468,417,494,go_straight_(mandatory)
00029.jpg,800,1360,1091,393,1133,436,no_traffic_both_ways_(prohibitory)
00030.jpg,800,1360,394,511,420,537,keep_right_(mandatory)
00031.jpg,800,1360,763,426,812,473,construction_(danger)
00031.jpg,800,1360,597,456,628,488,priority_road_(other)
00032.jpg,800,1360,678,443,707,469,give_way_(other)
00032.jpg,800,1360,683,469,703,493,go_right_(mandatory)
00033.jpg,800,1360,22,505,88,571,keep_right_(mandatory)
00034.jpg,800,1360,866,430,899,460,school_crossing_(danger)
00035.jpg,800,1360,264,475,302,514,keep_right_(mandatory)
00035.jpg,800,1360,678,439,714,474,give_way_(other)
00036.jpg,800,1360,1133,393,1164,424,priority_road_(other)
00036.jpg,800,1360,1138,424,1163,450,go_straight_(mandatory)
00037.jpg,800,1360,668,527,690,548,keep_right_(mandatory)
00038.jpg,800,1360,1120,444,1142,464,priority_road_(other)
00039.jpg,800,1360,938,167,1022,251,priority_road_(other)
00039.jpg,800,1360,953,252,1015,313,go_straight_(mandatory)
00040.jpg,800,1360,1040,310,1130,400,go_right_(mandatory)
00040.jpg,800,1360,1017,202,1141,313,give_way_(other)
00041.jpg,800,1360,997,484,1031,517,keep_right_(mandatory)
00042.jpg,800,1360,916,300,995,374,danger_(danger)
00043.jpg,800,1360,1036,296,1097,357,priority_road_(other)
00043.jpg,800,1360,1047,357,1092,402,go_right_or_straight_(mandatory)
00043.jpg,800,1360,110,444,143,480,go_straight_(mandatory)
00044.jpg,800,1360,752,403,782,433,priority_road_(other)
00045.jpg,800,1360,178,504,240,597,keep_right_(mandatory)
00046.jpg,800,1360,1045,126,1166,247,priority_road_(other)
00047.jpg,800,1360,553,462,579,488,traffic_signal_(danger)
00048.jpg,800,1360,780,443,811,474,roundabout_(mandatory)
00048.jpg,800,1360,771,405,815,443,give_way_(other)
00048.jpg,800,1360,341,523,380,562,keep_right_(mandatory)
00049.jpg,800,1360,993,397,1025,430,go_left_or_straight_(mandatory)
00049.jpg,800,1360,985,354,1028,397,priority_road_(other)
00050.jpg,800,1360,946,373,967,400,go_left_(mandatory)
00050.jpg,800,1360,941,339,972,372,give_way_(other)
00051.jpg,800,1360,968,218,1037,287,priority_road_(other)
00052.jpg,800,1360,833,352,870,389,go_right_or_straight_(mandatory)
00052.jpg,800,1360,829,281,879,331,priority_road_(other)
00053.jpg,800,1360,1156,333,1196,372,no_traffic_both_ways_(prohibitory)
00053.jpg,800,1360,766,438,799,471,go_straight_(mandatory)
00054.jpg,800,1360,1113,436,1152,473,pedestrian_crossing_(danger)
00054.jpg,800,1360,1117,473,1146,502,speed_limit_20_(prohibitory)
00054.jpg,800,1360,974,442,999,467,priority_road_(other)
00054.jpg,800,1360,456,520,476,540,keep_right_(mandatory)
00055.jpg,800,1360,702,413,747,455,construction_(danger)
00056.jpg,800,1360,729,436,760,467,speed_limit_30_(prohibitory)
00057.jpg,800,1360,990,418,1036,467,speed_limit_30_(prohibitory)
00058.jpg,800,1360,786,394,824,435,priority_road_(other)
00059.jpg,800,1360,793,400,854,461,priority_road_(other)
00060.jpg,800,1360,296,508,323,535,keep_right_(mandatory)
00060.jpg,800,1360,819,441,842,464,speed_limit_50_(prohibitory)
00061.jpg,800,1360,1224,333,1285,394,speed_limit_50_(prohibitory)
00062.jpg,800,1360,826,469,848,492,priority_road_(other)
00063.jpg,800,1360,815,499,837,521,no_overtaking_(prohibitory)
00064.jpg,800,1360,786,447,808,470,speed_limit_50_(prohibitory)
00065.jpg,800,1360,973,377,1022,427,no_overtaking_(prohibitory)
00066.jpg,800,1360,569,483,618,535,keep_right_(mandatory)
00067.jpg,800,1360,949,435,979,465,no_overtaking_(prohibitory)
00068.jpg,800,1360,849,458,872,479,give_way_(other)
00069.jpg,800,1360,817,459,838,480,speed_limit_50_(prohibitory)
00070.jpg,800,1360,946,300,1026,373,slippery_road_(danger)
00071.jpg,800,1360,788,437,828,473,road_narrows_(danger)
00071.jpg,800,1360,794,474,822,502,speed_limit_30_(prohibitory)
00071.jpg,800,1360,794,503,821,529,no_overtaking_(prohibitory)
00072.jpg,800,1360,836,456,858,478,speed_limit_70_(prohibitory)
00073.jpg,800,1360,723,431,752,457,slippery_road_(danger)
00073.jpg,800,1360,727,457,748,477,speed_limit_50_(prohibitory)
00073.jpg,800,1360,727,476,749,497,no_overtaking_(prohibitory)
00073.jpg,800,1360,425,428,456,455,slippery_road_(danger)
00073.jpg,800,1360,430,453,452,475,speed_limit_50_(prohibitory)
00073.jpg,800,1360,432,475,452,495,no_overtaking_(prohibitory)
00074.jpg,800,1360,383,527,421,569,keep_right_(mandatory)
00074.jpg,800,1360,439,401,488,452,stop_(other)
00074.jpg,800,1360,929,378,981,431,stop_(other)
00075.jpg,800,1360,1120,350,1187,409,slippery_road_(danger)
00075.jpg,800,1360,1131,409,1179,456,speed_limit_70_(prohibitory)
00076.jpg,800,1360,784,440,819,472,bend_(danger)
00076.jpg,800,1360,789,471,815,495,speed_limit_50_(prohibitory)
00077.jpg,800,1360,951,348,1015,408,bend_right_(danger)
00077.jpg,800,1360,962,408,1011,455,no_overtaking_(prohibitory)
00078.jpg,800,1360,1211,206,1319,305,cycles_crossing_(danger)
00078.jpg,800,1360,800,462,821,483,give_way_(other)
00079.jpg,800,1360,762,459,792,489,priority_at_next_intersection_(danger)
00080.jpg,800,1360,829,381,880,432,no_overtaking_(prohibitory)
00081.jpg,800,1360,966,228,1044,299,give_way_(other)
00081.jpg,800,1360,233,499,249,521,keep_right_(mandatory)
00082.jpg,800,1360,247,492,331,580,keep_right_(mandatory)
00083.jpg,800,1360,1054,208,1152,296,give_way_(other)
00083.jpg,800,1360,1071,297,1142,368,roundabout_(mandatory)
00084.jpg,800,1360,707,523,734,551,keep_right_(mandatory)
00085.jpg,800,1360,846,429,875,458,speed_limit_30_(prohibitory)
00086.jpg,800,1360,944,298,1007,361,priority_road_(other)
00087.jpg,800,1360,912,435,946,470,restriction_ends_80_(other)
00087.jpg,800,1360,306,421,340,456,restriction_ends_80_(other)
00088.jpg,800,1360,956,464,982,490,no_overtaking_(trucks)_(prohibitory)
00088.jpg,800,1360,410,464,436,490,no_overtaking_(trucks)_(prohibitory)
00088.jpg,800,1360,412,440,436,464,speed_limit_120_(prohibitory)
00088.jpg,800,1360,956,440,981,464,speed_limit_120_(prohibitory)
00089.jpg,800,1360,1025,438,1054,468,speed_limit_80_(prohibitory)
00089.jpg,800,1360,634,447,660,474,speed_limit_80_(prohibitory)
00090.jpg,800,1360,966,428,1007,464,give_way_(other)
00091.jpg,800,1360,869,443,899,471,give_way_(other)
00091.jpg,800,1360,1056,377,1096,414,give_way_(other)
00091.jpg,800,1360,509,382,553,422,give_way_(other)
00092.jpg,800,1360,718,440,739,462,give_way_(other)
00092.jpg,800,1360,420,419,447,446,priority_road_(other)
00092.jpg,800,1360,423,449,444,470,go_straight_(mandatory)
00093.jpg,800,1360,344,397,379,436,speed_limit_30_(prohibitory)
00093.jpg,800,1360,1076,339,1119,389,speed_limit_30_(prohibitory)
00094.jpg,800,1360,946,370,995,419,no_trucks_(prohibitory)
00094.jpg,800,1360,113,316,189,392,no_trucks_(prohibitory)
00095.jpg,800,1360,698,461,719,481,speed_limit_30_(prohibitory)
00095.jpg,800,1360,695,437,723,461,bend_left_(danger)
00096.jpg,800,1360,699,396,738,435,no_entry_(other)
00096.jpg,800,1360,1140,420,1176,458,no_entry_(other)
00097.jpg,800,1360,1125,338,1168,378,give_way_(other)
00097.jpg,800,1360,288,328,334,368,give_way_(other)
00097.jpg,800,1360,148,446,196,499,keep_right_(mandatory)
00098.jpg,800,1360,1206,244,1296,323,give_way_(other)
00098.jpg,800,1360,594,286,668,353,give_way_(other)
00099.jpg,800,1360,910,495,953,533,bend_right_(danger)
00100.jpg,800,1360,413,507,451,541,snow_(danger)
00100.jpg,800,1360,863,505,902,540,snow_(danger)
00101.jpg,800,1360,835,406,891,461,speed_limit_80_(prohibitory)
00102.jpg,800,1360,933,314,990,365,give_way_(other)
00102.jpg,800,1360,945,374,984,415,go_left_(mandatory)
00103.jpg,800,1360,855,396,890,431,go_right_or_straight_(mandatory)
00103.jpg,800,1360,847,349,897,397,priority_road_(other)
00104.jpg,800,1360,767,462,808,499,construction_(danger)
00104.jpg,800,1360,695,461,730,492,give_way_(other)
00105.jpg,800,1360,256,438,303,484,danger_(danger)
00105.jpg,800,1360,958,378,1024,440,traffic_signal_(danger)
00106.jpg,800,1360,902,369,985,443,construction_(danger)
00107.jpg,800,1360,486,485,540,537,construction_(danger)
00107.jpg,800,1360,490,536,529,576,speed_limit_30_(prohibitory)
00109.jpg,800,1360,990,484,1020,513,speed_limit_60_(prohibitory)
00110.jpg,800,1360,929,489,954,513,no_overtaking_(prohibitory)
00111.jpg,800,1360,1091,465,1123,497,speed_limit_60_(prohibitory)
00111.jpg,800,1360,350,503,382,535,speed_limit_60_(prohibitory)
00112.jpg,800,1360,366,473,399,508,speed_limit_60_(prohibitory)
00112.jpg,800,1360,1186,475,1225,514,speed_limit_60_(prohibitory)
00113.jpg,800,1360,351,413,419,480,no_overtaking_(trucks)_(prohibitory)
00114.jpg,800,1360,1169,421,1231,484,speed_limit_60_(prohibitory)
00115.jpg,800,1360,850,218,950,317,stop_(other)
00115.jpg,800,1360,330,523,351,545,keep_right_(mandatory)
00116.jpg,800,1360,1078,254,1136,312,go_straight_(mandatory)
00116.jpg,800,1360,383,473,400,502,no_entry_(other)
00117.jpg,800,1360,99,425,131,466,no_entry_(other)
00117.jpg,800,1360,438,500,496,558,keep_right_(mandatory)
00118.jpg,800,1360,229,505,285,564,keep_right_(mandatory)
00119.jpg,800,1360,847,472,873,496,slippery_road_(danger)
00119.jpg,800,1360,1082,393,1120,431,priority_road_(other)
00120.jpg,800,1360,58,243,164,345,speed_limit_50_(prohibitory)
00121.jpg,800,1360,91,308,185,416,speed_limit_100_(prohibitory)
00122.jpg,800,1360,500,496,521,518,speed_limit_100_(prohibitory)
00122.jpg,800,1360,883,498,904,520,speed_limit_100_(prohibitory)
00123.jpg,800,1360,519,492,550,524,speed_limit_100_(prohibitory)
00123.jpg,800,1360,1101,483,1133,516,speed_limit_100_(prohibitory)
00124.jpg,800,1360,532,481,558,507,speed_limit_70_(prohibitory)
00124.jpg,800,1360,976,470,1002,496,speed_limit_70_(prohibitory)
00125.jpg,800,1360,1019,313,1106,401,speed_limit_50_(prohibitory)
00126.jpg,800,1360,840,374,868,404,speed_limit_50_(prohibitory)
00126.jpg,800,1360,379,365,411,396,speed_limit_50_(prohibitory)
00127.jpg,800,1360,138,385,175,423,speed_limit_80_(prohibitory)
00127.jpg,800,1360,1009,380,1046,417,speed_limit_80_(prohibitory)
00128.jpg,800,1360,1147,397,1180,431,priority_road_(other)
00129.jpg,800,1360,962,379,1008,426,no_overtaking_(prohibitory)
00129.jpg,800,1360,866,399,905,439,traffic_signal_(danger)
00130.jpg,800,1360,209,426,236,453,speed_limit_30_(prohibitory)
00130.jpg,800,1360,601,431,626,456,speed_limit_30_(prohibitory)
00130.jpg,800,1360,318,439,345,467,danger_(danger)
00131.jpg,800,1360,1010,430,1034,455,no_overtaking_(prohibitory)
00131.jpg,800,1360,474,389,500,415,speed_limit_30_(prohibitory)
00132.jpg,800,1360,314,306,393,377,danger_(danger)
00133.jpg,800,1360,839,408,861,432,priority_road_(other)
00133.jpg,800,1360,841,432,858,450,go_right_or_straight_(mandatory)
00133.jpg,800,1360,505,415,522,432,go_straight_(mandatory)
00134.jpg,800,1360,1008,299,1073,365,speed_limit_30_(prohibitory)
00135.jpg,800,1360,718,298,777,356,speed_limit_30_(prohibitory)
00136.jpg,800,1360,816,401,857,437,priority_at_next_intersection_(danger)
00137.jpg,800,1360,824,324,892,384,priority_at_next_intersection_(danger)
00138.jpg,800,1360,157,179,235,268,no_traffic_both_ways_(prohibitory)
00138.jpg,800,1360,1302,399,1336,432,no_traffic_both_ways_(prohibitory)
00140.jpg,800,1360,247,472,275,501,stop_(other)
00141.jpg,800,1360,857,379,894,416,speed_limit_50_(prohibitory)
00142.jpg,800,1360,816,454,835,473,speed_limit_50_(prohibitory)
00143.jpg,800,1360,241,187,310,256,priority_road_(other)
00144.jpg,800,1360,708,445,727,464,speed_limit_70_(prohibitory)
00146.jpg,800,1360,1205,122,1327,246,restriction_ends_(overtaking)_(other)
00146.jpg,800,1360,707,404,732,426,school_crossing_(danger)
00146.jpg,800,1360,711,427,729,445,speed_limit_50_(prohibitory)
00147.jpg,800,1360,750,419,784,452,bend_right_(danger)
00148.jpg,800,1360,872,353,943,416,snow_(danger)
00149.jpg,800,1360,1131,274,1221,361,speed_limit_70_(prohibitory)
00149.jpg,800,1360,1110,158,1231,273,priority_road_(other)
00149.jpg,800,1360,703,461,725,483,priority_road_(other)
00150.jpg,800,1360,824,345,865,386,speed_limit_50_(prohibitory)
00151.jpg,800,1360,794,372,824,401,speed_limit_30_(prohibitory)
00152.jpg,800,1360,605,424,627,447,priority_road_(other)
00153.jpg,800,1360,307,409,338,440,go_straight_(mandatory)
00154.jpg,800,1360,692,410,717,436,go_straight_(mandatory)
00155.jpg,800,1360,425,386,468,431,keep_right_(mandatory)
00156.jpg,800,1360,819,388,848,417,no_overtaking_(prohibitory)
00157.jpg,800,1360,262,423,297,460,no_overtaking_(prohibitory)
00157.jpg,800,1360,885,392,926,432,no_overtaking_(prohibitory)
00157.jpg,800,1360,650,505,671,526,keep_right_(mandatory)
00158.jpg,800,1360,907,414,933,440,restriction_ends_(overtaking)_(other)
00159.jpg,800,1360,974,443,1031,506,keep_left_(mandatory)
00159.jpg,800,1360,713,476,740,503,keep_left_(mandatory)
00159.jpg,800,1360,86,473,117,504,keep_right_(mandatory)
00159.jpg,800,1360,890,466,917,505,keep_right_(mandatory)
00160.jpg,800,1360,610,388,653,428,construction_(danger)
00161.jpg,800,1360,717,445,735,462,go_left_(mandatory)
00162.jpg,800,1360,244,430,262,448,no_entry_(other)
00162.jpg,800,1360,713,433,732,452,no_entry_(other)
00162.jpg,800,1360,544,444,562,462,no_entry_(other)
00163.jpg,800,1360,753,473,825,545,keep_right_(mandatory)
00164.jpg,800,1360,874,375,918,416,traffic_signal_(danger)
00165.jpg,800,1360,382,412,399,431,speed_limit_30_(prohibitory)
00165.jpg,800,1360,689,292,745,340,priority_at_next_intersection_(danger)
00166.jpg,800,1360,814,382,848,416,speed_limit_30_(prohibitory)
00167.jpg,800,1360,369,446,392,469,speed_limit_50_(prohibitory)
00167.jpg,800,1360,729,433,750,455,speed_limit_50_(prohibitory)
00168.jpg,800,1360,693,419,719,442,danger_(danger)
00169.jpg,800,1360,1089,153,1212,276,speed_limit_50_(prohibitory)
00170.jpg,800,1360,912,322,944,358,speed_limit_70_(prohibitory)
00171.jpg,800,1360,882,335,932,385,speed_limit_70_(prohibitory)
00171.jpg,800,1360,883,385,932,433,no_overtaking_(prohibitory)
00172.jpg,800,1360,712,471,740,495,construction_(danger)
00172.jpg,800,1360,718,418,737,437,speed_limit_30_(prohibitory)
00173.jpg,800,1360,1111,279,1161,329,speed_limit_30_(prohibitory)
00174.jpg,800,1360,718,413,753,444,school_crossing_(danger)
00174.jpg,800,1360,723,443,747,467,speed_limit_50_(prohibitory)
00174.jpg,800,1360,801,302,860,364,priority_road_(other)
00175.jpg,800,1360,893,341,944,396,no_overtaking_(prohibitory)
00176.jpg,800,1360,850,414,875,440,speed_limit_50_(prohibitory)
00177.jpg,800,1360,271,416,313,458,stop_(other)
00177.jpg,800,1360,746,423,785,462,stop_(other)
00177.jpg,800,1360,502,451,519,468,keep_right_(mandatory)
00177.jpg,800,1360,1271,402,1308,437,give_way_(other)
00178.jpg,800,1360,728,456,748,476,speed_limit_50_(prohibitory)
00179.jpg,800,1360,686,421,707,440,priority_road_(other)
00180.jpg,800,1360,968,384,1004,421,speed_limit_50_(prohibitory)
00181.jpg,800,1360,793,299,853,359,speed_limit_70_(prohibitory)
00182.jpg,800,1360,656,412,685,441,speed_limit_50_(prohibitory)
00182.jpg,800,1360,658,385,686,414,restriction_ends_(overtaking)_(other)
00183.jpg,800,1360,766,369,806,406,bend_left_(danger)
00184.jpg,800,1360,790,273,850,334,speed_limit_30_(prohibitory)
00185.jpg,800,1360,967,150,1076,257,speed_limit_50_(prohibitory)
00186.jpg,800,1360,603,455,621,474,speed_limit_70_(prohibitory)
00186.jpg,800,1360,325,428,345,448,speed_limit_70_(prohibitory)
00186.jpg,800,1360,602,433,625,456,priority_road_(other)
00187.jpg,800,1360,675,405,709,439,speed_limit_50_(prohibitory)
00187.jpg,800,1360,161,393,194,428,speed_limit_50_(prohibitory)
00188.jpg,800,1360,705,379,752,422,priority_at_next_intersection_(danger)
00189.jpg,800,1360,853,339,917,394,danger_(danger)
00190.jpg,800,1360,670,400,689,421,go_straight_(mandatory)
00191.jpg,800,1360,693,406,728,439,priority_at_next_intersection_(danger)
00192.jpg,800,1360,492,414,516,437,no_entry_(other)
00192.jpg,800,1360,314,440,334,461,speed_limit_30_(prohibitory)
00192.jpg,800,1360,662,262,738,339,priority_road_(other)
00193.jpg,800,1360,727,224,834,331,stop_(other)
00194.jpg,800,1360,718,306,787,369,school_crossing_(danger)
00195.jpg,800,1360,1040,155,1161,268,priority_at_next_intersection_(danger)
00195.jpg,800,1360,784,398,820,430,danger_(danger)
00196.jpg,800,1360,726,316,787,370,give_way_(other)
00196.jpg,800,1360,734,370,778,416,go_right_(mandatory)
00196.jpg,800,1360,534,471,558,496,keep_right_(mandatory)
00197.jpg,800,1360,867,278,956,361,priority_at_next_intersection_(danger)
00198.jpg,800,1360,681,438,699,456,go_right_or_straight_(mandatory)
00198.jpg,800,1360,678,412,702,435,stop_(other)
00199.jpg,800,1360,826,322,882,374,priority_at_next_intersection_(danger)
00200.jpg,800,1360,840,287,915,364,stop_(other)
00200.jpg,800,1360,849,364,901,416,go_left_(mandatory)
00200.jpg,800,1360,648,410,670,433,no_entry_(other)
00200.jpg,800,1360,257,403,281,428,no_entry_(other)
00201.jpg,800,1360,762,352,812,397,give_way_(other)
00202.jpg,800,1360,657,319,702,365,stop_(other)
00202.jpg,800,1360,56,315,104,363,stop_(other)
00203.jpg,800,1360,758,375,784,400,speed_limit_20_(prohibitory)
00204.jpg,800,1360,858,151,946,242,speed_limit_30_(prohibitory)
00204.jpg,800,1360,730,260,783,316,go_left_(mandatory)
00205.jpg,800,1360,1202,332,1326,449,construction_(danger)
00206.jpg,800,1360,61,105,135,178,go_left_(mandatory)
00206.jpg,800,1360,1159,197,1224,261,go_right_(mandatory)
00206.jpg,800,1360,827,471,847,493,keep_right_(mandatory)
00206.jpg,800,1360,55,8,164,103,give_way_(other)
00206.jpg,800,1360,1144,118,1235,196,give_way_(other)
00207.jpg,800,1360,870,313,942,378,construction_(danger)
00208.jpg,800,1360,638,239,732,319,danger_(danger)
00209.jpg,800,1360,1110,287,1170,348,go_right_(mandatory)
00209.jpg,800,1360,1097,210,1184,287,give_way_(other)
00210.jpg,800,1360,1017,418,1038,443,go_straight_(mandatory)
00210.jpg,800,1360,1011,385,1043,418,priority_road_(other)
00211.jpg,800,1360,667,410,705,445,priority_at_next_intersection_(danger)
00212.jpg,800,1360,293,427,315,450,go_left_(mandatory)
00212.jpg,800,1360,721,381,749,408,priority_road_(other)
00212.jpg,800,1360,756,402,782,430,go_right_(mandatory)
00214.jpg,800,1360,1185,130,1295,236,stop_(other)
00214.jpg,800,1360,1214,241,1288,312,go_right_(mandatory)
00215.jpg,800,1360,784,480,804,500,keep_left_(mandatory)
00216.jpg,800,1360,312,442,337,467,speed_limit_80_(prohibitory)
00216.jpg,800,1360,886,446,911,472,speed_limit_80_(prohibitory)
00217.jpg,800,1360,971,267,1031,328,speed_limit_30_(prohibitory)
00218.jpg,800,1360,808,437,827,456,go_right_(mandatory)
00219.jpg,800,1360,1080,270,1155,340,give_way_(other)
00219.jpg,800,1360,1089,345,1144,401,go_right_(mandatory)
00220.jpg,800,1360,1127,285,1168,326,speed_limit_30_(prohibitory)
00221.jpg,800,1360,988,420,1042,470,traffic_signal_(danger)
00222.jpg,800,1360,985,354,1022,390,speed_limit_30_(prohibitory)
00223.jpg,800,1360,816,334,858,374,speed_limit_30_(prohibitory)
00224.jpg,800,1360,932,188,1024,278,school_crossing_(danger)
00224.jpg,800,1360,923,276,977,341,speed_limit_30_(prohibitory)
00224.jpg,800,1360,977,263,1042,333,no_overtaking_(prohibitory)
00225.jpg,800,1360,856,268,924,334,speed_limit_30_(prohibitory)
00226.jpg,800,1360,1152,224,1220,290,speed_limit_30_(prohibitory)
00227.jpg,800,1360,1228,259,1306,329,danger_(danger)
00228.jpg,800,1360,937,295,998,356,speed_limit_30_(prohibitory)
00229.jpg,800,1360,1282,339,1332,383,school_crossing_(danger)
00229.jpg,800,1360,1273,384,1305,417,speed_limit_30_(prohibitory)
00229.jpg,800,1360,1305,382,1341,414,no_overtaking_(prohibitory)
00230.jpg,800,1360,974,398,1002,426,speed_limit_30_(prohibitory)
00230.jpg,800,1360,968,426,1007,463,school_crossing_(danger)
00231.jpg,800,1360,1146,362,1183,399,speed_limit_30_(prohibitory)
00232.jpg,800,1360,589,495,617,524,keep_right_(mandatory)
00232.jpg,800,1360,868,379,910,419,give_way_(other)
00232.jpg,800,1360,297,420,340,459,give_way_(other)
00233.jpg,800,1360,325,485,358,517,keep_right_(mandatory)
00234.jpg,800,1360,1051,275,1115,338,speed_limit_30_(prohibitory)
00236.jpg,800,1360,1081,274,1199,402,stop_(other)
00237.jpg,800,1360,822,361,854,393,stop_(other)
00237.jpg,800,1360,290,389,323,422,stop_(other)
00238.jpg,800,1360,842,400,881,435,danger_(danger)
00238.jpg,800,1360,849,443,877,471,speed_limit_30_(prohibitory)
00239.jpg,800,1360,788,411,814,436,danger_(danger)
00239.jpg,800,1360,792,439,812,458,speed_limit_30_(prohibitory)
00239.jpg,800,1360,827,412,855,441,priority_road_(other)
00240.jpg,800,1360,847,364,879,396,speed_limit_30_(prohibitory)
00241.jpg,800,1360,838,400,880,442,speed_limit_50_(prohibitory)
00242.jpg,800,1360,848,388,870,413,no_traffic_both_ways_(prohibitory)
00242.jpg,800,1360,1195,267,1302,366,give_way_(other)
00243.jpg,800,1360,843,447,867,470,speed_limit_50_(prohibitory)
00244.jpg,800,1360,491,390,530,429,no_overtaking_(trucks)_(prohibitory)
00244.jpg,800,1360,1238,349,1282,394,no_overtaking_(trucks)_(prohibitory)
00245.jpg,800,1360,477,442,499,464,no_overtaking_(trucks)_(prohibitory)
00245.jpg,800,1360,851,438,874,461,no_overtaking_(trucks)_(prohibitory)
00246.jpg,800,1360,311,381,354,425,no_overtaking_(trucks)_(prohibitory)
00246.jpg,800,1360,1091,354,1134,396,no_overtaking_(trucks)_(prohibitory)
00247.jpg,800,1360,471,453,492,474,speed_limit_80_(prohibitory)
00247.jpg,800,1360,856,448,877,469,speed_limit_80_(prohibitory)
00248.jpg,800,1360,204,452,229,479,speed_limit_80_(prohibitory)
00248.jpg,800,1360,843,429,870,456,speed_limit_80_(prohibitory)
00249.jpg,800,1360,1212,419,1244,452,speed_limit_50_(prohibitory)
00250.jpg,800,1360,100,423,168,495,keep_right_(mandatory)
00250.jpg,800,1360,907,446,932,471,speed_limit_50_(prohibitory)
00251.jpg,800,1360,116,425,208,520,keep_right_(mandatory)
00252.jpg,800,1360,915,389,960,434,no_overtaking_(prohibitory)
00252.jpg,800,1360,910,326,956,372,speed_limit_30_(prohibitory)
00253.jpg,800,1360,1186,134,1301,244,no_overtaking_(prohibitory)
00254.jpg,800,1360,1172,270,1237,336,speed_limit_50_(prohibitory)
00254.jpg,800,1360,1264,368,1295,398,slippery_road_(danger)
00255.jpg,800,1360,183,503,260,581,keep_right_(mandatory)
00256.jpg,800,1360,1105,42,1232,153,danger_(danger)
00257.jpg,800,1360,1237,334,1295,387,construction_(danger)
00257.jpg,800,1360,1079,388,1119,423,construction_(danger)
00258.jpg,800,1360,745,469,777,501,priority_at_next_intersection_(danger)
00258.jpg,800,1360,346,490,381,522,priority_at_next_intersection_(danger)
00259.jpg,800,1360,1202,329,1247,374,speed_limit_30_(prohibitory)
00260.jpg,800,1360,720,266,784,330,speed_limit_20_(prohibitory)
00261.jpg,800,1360,1150,250,1208,311,go_straight_(mandatory)
00262.jpg,800,1360,894,282,953,341,go_right_or_straight_(mandatory)
00262.jpg,800,1360,1042,37,1146,139,priority_road_(other)
00263.jpg,800,1360,646,417,666,437,speed_limit_50_(prohibitory)
00264.jpg,800,1360,964,412,988,435,speed_limit_70_(prohibitory)
00264.jpg,800,1360,965,435,988,458,no_overtaking_(prohibitory)
00264.jpg,800,1360,509,466,531,488,no_overtaking_(prohibitory)
00265.jpg,800,1360,800,426,831,456,road_narrows_(danger)
00265.jpg,800,1360,783,446,804,464,danger_(danger)
00265.jpg,800,1360,805,458,827,480,speed_limit_30_(prohibitory)
00266.jpg,800,1360,242,450,293,501,danger_(danger)
00267.jpg,800,1360,834,380,856,402,go_right_or_straight_(mandatory)
00267.jpg,800,1360,859,387,886,414,priority_road_(other)
00268.jpg,800,1360,891,396,917,422,speed_limit_50_(prohibitory)
00269.jpg,800,1360,966,430,990,454,no_overtaking_(prohibitory)
00270.jpg,800,1360,1238,331,1291,385,restriction_ends_(overtaking)_(other)
00270.jpg,800,1360,243,335,293,386,speed_limit_50_(prohibitory)
00270.jpg,800,1360,1237,279,1291,332,speed_limit_50_(prohibitory)
00271.jpg,800,1360,259,369,297,408,speed_limit_50_(prohibitory)
00271.jpg,800,1360,1090,341,1130,381,speed_limit_50_(prohibitory)
00272.jpg,800,1360,1223,315,1297,385,danger_(danger)
00272.jpg,800,1360,310,398,377,461,danger_(danger)
00273.jpg,800,1360,1080,286,1145,343,cycles_crossing_(danger)
00274.jpg,800,1360,975,395,1011,430,speed_limit_20_(prohibitory)
00275.jpg,800,1360,1196,342,1237,384,go_right_(mandatory)
00275.jpg,800,1360,206,410,238,445,go_right_(mandatory)
00276.jpg,800,1360,798,346,845,388,cycles_crossing_(danger)
00276.jpg,800,1360,109,464,153,517,keep_right_(mandatory)
00277.jpg,800,1360,1048,399,1071,422,no_trucks_(prohibitory)
00278.jpg,800,1360,922,389,951,419,roundabout_(mandatory)
00278.jpg,800,1360,915,354,955,390,give_way_(other)
00279.jpg,800,1360,617,484,673,540,keep_right_(mandatory)
00280.jpg,800,1360,1054,392,1083,422,speed_limit_50_(prohibitory)
00280.jpg,800,1360,1131,357,1182,408,priority_road_(other)
00281.jpg,800,1360,982,363,1016,393,animals_(danger)
00281.jpg,800,1360,984,392,1017,425,speed_limit_50_(prohibitory)
00282.jpg,800,1360,869,414,901,444,cycles_crossing_(danger)
00283.jpg,800,1360,1177,114,1284,219,speed_limit_70_(prohibitory)
00284.jpg,800,1360,980,269,1059,347,priority_road_(other)
00284.jpg,800,1360,993,347,1051,404,speed_limit_50_(prohibitory)
00285.jpg,800,1360,1091,304,1146,359,stop_(other)
00286.jpg,800,1360,1015,360,1044,389,stop_(other)
00287.jpg,800,1360,1113,370,1154,411,speed_limit_50_(prohibitory)
00288.jpg,800,1360,413,456,436,479,speed_limit_80_(prohibitory)
00288.jpg,800,1360,983,438,1006,462,speed_limit_80_(prohibitory)
00289.jpg,800,1360,285,401,326,444,restriction_ends_80_(other)
00289.jpg,800,1360,1282,379,1326,424,restriction_ends_80_(other)
00290.jpg,800,1360,1294,391,1326,428,speed_limit_80_(prohibitory)
00291.jpg,800,1360,1129,384,1165,422,speed_limit_60_(prohibitory)
00292.jpg,800,1360,982,422,1011,451,speed_limit_120_(prohibitory)
00292.jpg,800,1360,315,447,345,476,speed_limit_120_(prohibitory)
00293.jpg,800,1360,28,410,70,456,speed_limit_100_(prohibitory)
00293.jpg,800,1360,1143,365,1193,415,speed_limit_100_(prohibitory)
00294.jpg,800,1360,101,405,153,453,uneven_road_(danger)
00294.jpg,800,1360,1173,326,1231,381,uneven_road_(danger)
00295.jpg,800,1360,1227,364,1272,411,restriction_ends_80_(other)
00295.jpg,800,1360,98,417,142,463,restriction_ends_80_(other)
00296.jpg,800,1360,460,409,492,442,speed_limit_100_(prohibitory)
00296.jpg,800,1360,1237,385,1269,417,speed_limit_100_(prohibitory)
00297.jpg,800,1360,1015,444,1042,468,traffic_signal_(danger)
00297.jpg,800,1360,593,443,620,466,traffic_signal_(danger)
00298.jpg,800,1360,1220,168,1327,264,uneven_road_(danger)
00298.jpg,800,1360,1238,256,1314,331,speed_limit_50_(prohibitory)
00298.jpg,800,1360,69,445,107,475,priority_at_next_intersection_(danger)
00299.jpg,800,1360,1245,247,1304,306,restriction_ends_(overtaking_(trucks))_(other)
00300.jpg,800,1360,680,430,710,458,construction_(danger)
00300.jpg,800,1360,779,420,801,443,speed_limit_50_(prohibitory)
00301.jpg,800,1360,1062,260,1131,324,uneven_road_(danger)
00301.jpg,800,1360,1075,318,1125,368,speed_limit_50_(prohibitory)
00302.jpg,800,1360,1123,333,1163,373,restriction_ends_(overtaking_(trucks))_(other)
00303.jpg,800,1360,1186,385,1215,414,speed_limit_50_(prohibitory)
00304.jpg,800,1360,504,385,553,434,go_straight_(mandatory)
00305.jpg,800,1360,765,368,827,422,priority_at_next_intersection_(danger)
00305.jpg,800,1360,549,348,597,393,danger_(danger)
00306.jpg,800,1360,1047,420,1084,455,bend_right_(danger)
00306.jpg,800,1360,353,471,389,505,bend_right_(danger)
00307.jpg,800,1360,457,474,488,505,no_entry_(other)
00307.jpg,800,1360,795,454,827,487,no_entry_(other)
00307.jpg,800,1360,892,417,934,457,uneven_road_(danger)
00307.jpg,800,1360,829,453,862,486,keep_right_(mandatory)
00309.jpg,800,1360,180,388,220,431,speed_limit_100_(prohibitory)
00309.jpg,800,1360,1159,353,1203,398,speed_limit_100_(prohibitory)
00310.jpg,800,1360,285,426,317,459,restriction_ends_(overtaking_(trucks))_(other)
00310.jpg,800,1360,1150,390,1188,427,restriction_ends_(overtaking_(trucks))_(other)
00311.jpg,800,1360,616,424,650,458,speed_limit_120_(prohibitory)
00311.jpg,800,1360,1295,391,1329,425,speed_limit_120_(prohibitory)
00312.jpg,800,1360,122,267,225,379,speed_limit_80_(prohibitory)
00312.jpg,800,1360,1226,411,1249,433,uneven_road_(danger)
00312.jpg,800,1360,677,434,699,453,uneven_road_(danger)
00313.jpg,800,1360,369,414,424,470,restriction_ends_80_(other)
00314.jpg,800,1360,1213,398,1247,434,speed_limit_80_(prohibitory)
00314.jpg,800,1360,396,451,429,485,speed_limit_80_(prohibitory)
00315.jpg,800,1360,1267,373,1310,419,restriction_ends_80_(other)
00315.jpg,800,1360,172,414,213,462,restriction_ends_80_(other)
00316.jpg,800,1360,693,413,719,437,bend_right_(danger)
00316.jpg,800,1360,696,436,719,458,speed_limit_60_(prohibitory)
00316.jpg,800,1360,994,395,1022,420,bend_right_(danger)
00316.jpg,800,1360,995,421,1020,445,speed_limit_60_(prohibitory)
00317.jpg,800,1360,1122,378,1166,421,restriction_ends_(other)
00318.jpg,800,1360,631,451,657,477,no_traffic_both_ways_(prohibitory)
00318.jpg,800,1360,779,481,800,502,keep_right_(mandatory)
00319.jpg,800,1360,1201,403,1248,450,speed_limit_60_(prohibitory)
00319.jpg,800,1360,569,436,612,481,speed_limit_60_(prohibitory)
00320.jpg,800,1360,175,438,202,466,restriction_ends_(other)
00320.jpg,800,1360,921,403,951,434,restriction_ends_(other)
00322.jpg,800,1360,1166,327,1209,370,speed_limit_80_(prohibitory)
00322.jpg,800,1360,338,406,381,449,speed_limit_80_(prohibitory)
00323.jpg,800,1360,398,437,425,464,no_overtaking_(trucks)_(prohibitory)
00323.jpg,800,1360,854,438,881,466,no_overtaking_(trucks)_(prohibitory)
00330.jpg,800,1360,1050,313,1116,381,speed_limit_50_(prohibitory)
00333.jpg,800,1360,116,414,176,477,stop_(other)
00333.jpg,800,1360,753,387,808,445,stop_(other)
00334.jpg,800,1360,323,452,369,498,no_traffic_both_ways_(prohibitory)
00334.jpg,800,1360,760,435,797,472,speed_limit_50_(prohibitory)
00337.jpg,800,1360,901,408,932,438,priority_road_(other)
00338.jpg,800,1360,504,397,538,427,traffic_signal_(danger)
00338.jpg,800,1360,505,425,536,453,speed_limit_50_(prohibitory)
00338.jpg,800,1360,998,397,1031,426,traffic_signal_(danger)
00338.jpg,800,1360,1000,426,1029,453,speed_limit_50_(prohibitory)
00339.jpg,800,1360,627,442,660,476,speed_limit_30_(prohibitory)
00339.jpg,800,1360,969,414,1021,463,priority_road_(other)
00340.jpg,800,1360,827,543,851,567,stop_(other)
00340.jpg,800,1360,827,521,852,546,go_right_(mandatory)
00340.jpg,800,1360,827,543,851,567,stop_(other)
00341.jpg,800,1360,923,465,997,533,give_way_(other)
00343.jpg,800,1360,802,531,829,558,no_traffic_both_ways_(prohibitory)
00343.jpg,800,1360,483,507,512,536,no_traffic_both_ways_(prohibitory)
00344.jpg,800,1360,799,413,879,494,priority_road_(other)
00346.jpg,800,1360,291,541,321,571,speed_limit_80_(prohibitory)
00346.jpg,800,1360,883,542,911,570,speed_limit_80_(prohibitory)
00347.jpg,800,1360,913,545,970,597,snow_(danger)
00348.jpg,800,1360,952,524,990,562,speed_limit_80_(prohibitory)
00349.jpg,800,1360,53,455,114,514,no_overtaking_(trucks)_(prohibitory)
00349.jpg,800,1360,1244,465,1312,534,no_overtaking_(trucks)_(prohibitory)
00350.jpg,800,1360,475,543,508,576,no_overtaking_(trucks)_(prohibitory)
00350.jpg,800,1360,1092,542,1125,573,no_overtaking_(trucks)_(prohibitory)
00351.jpg,800,1360,511,533,538,560,speed_limit_80_(prohibitory)
00352.jpg,800,1360,969,549,996,576,restriction_ends_80_(other)
00352.jpg,800,1360,528,553,555,580,restriction_ends_80_(other)
00353.jpg,800,1360,836,554,860,578,no_overtaking_(trucks)_(prohibitory)
00353.jpg,800,1360,456,559,477,581,no_overtaking_(trucks)_(prohibitory)
00355.jpg,800,1360,474,537,507,570,no_overtaking_(trucks)_(prohibitory)
00356.jpg,800,1360,946,520,1004,573,snow_(danger)
00356.jpg,800,1360,249,499,310,555,snow_(danger)
00357.jpg,800,1360,1095,524,1130,560,no_overtaking_(trucks)_(prohibitory)
00357.jpg,800,1360,463,528,500,565,no_overtaking_(trucks)_(prohibitory)
00358.jpg,800,1360,316,490,374,549,speed_limit_120_(prohibitory)
00359.jpg,800,1360,879,559,903,583,speed_limit_120_(prohibitory)
00359.jpg,800,1360,467,560,492,585,speed_limit_120_(prohibitory)
00360.jpg,800,1360,1032,484,1076,528,speed_limit_120_(prohibitory)
00360.jpg,800,1360,253,502,296,545,speed_limit_120_(prohibitory)
00362.jpg,800,1360,252,470,370,574,snow_(danger)
00363.jpg,800,1360,407,483,450,526,speed_limit_120_(prohibitory)
00363.jpg,800,1360,409,525,453,568,no_overtaking_(trucks)_(prohibitory)
00366.jpg,800,1360,517,530,540,553,speed_limit_120_(prohibitory)
00366.jpg,800,1360,518,553,541,576,no_overtaking_(trucks)_(prohibitory)
00366.jpg,800,1360,988,550,1014,573,speed_limit_120_(prohibitory)
00366.jpg,800,1360,988,574,1015,597,no_overtaking_(trucks)_(prohibitory)
00367.jpg,800,1360,1028,501,1068,541,speed_limit_120_(prohibitory)
00367.jpg,800,1360,1028,542,1071,583,no_overtaking_(trucks)_(prohibitory)
00367.jpg,800,1360,230,488,274,530,speed_limit_120_(prohibitory)
00367.jpg,800,1360,235,533,276,573,no_overtaking_(trucks)_(prohibitory)
00368.jpg,800,1360,382,460,431,510,speed_limit_120_(prohibitory)
00368.jpg,800,1360,378,509,431,561,no_overtaking_(trucks)_(prohibitory)
00369.jpg,800,1360,521,544,542,564,speed_limit_120_(prohibitory)
00369.jpg,800,1360,520,564,543,585,no_overtaking_(trucks)_(prohibitory)
00369.jpg,800,1360,874,532,895,551,speed_limit_120_(prohibitory)
00369.jpg,800,1360,875,550,896,571,no_overtaking_(trucks)_(prohibitory)
00370.jpg,800,1360,880,536,904,559,speed_limit_120_(prohibitory)
00370.jpg,800,1360,880,558,907,584,no_overtaking_(trucks)_(prohibitory)
00370.jpg,800,1360,440,531,467,554,speed_limit_120_(prohibitory)
00370.jpg,800,1360,442,553,468,578,no_overtaking_(trucks)_(prohibitory)
00371.jpg,800,1360,316,521,372,577,speed_limit_80_(prohibitory)
00372.jpg,800,1360,974,486,1017,529,speed_limit_70_(prohibitory)
00373.jpg,800,1360,164,517,195,548,speed_limit_70_(prohibitory)
00373.jpg,800,1360,819,511,853,545,speed_limit_70_(prohibitory)
00374.jpg,800,1360,999,527,1031,560,give_way_(other)
00374.jpg,800,1360,671,563,696,589,priority_road_(other)
00375.jpg,800,1360,1229,521,1255,545,give_way_(other)
00376.jpg,800,1360,266,487,309,530,restriction_ends_80_(other)
00376.jpg,800,1360,989,510,1031,552,restriction_ends_80_(other)
00377.jpg,800,1360,1133,504,1172,543,speed_limit_120_(prohibitory)
00377.jpg,800,1360,239,490,278,531,speed_limit_120_(prohibitory)
00377.jpg,800,1360,1133,543,1172,582,no_overtaking_(trucks)_(prohibitory)
00377.jpg,800,1360,236,532,277,573,no_overtaking_(trucks)_(prohibitory)
00378.jpg,800,1360,23,362,142,480,no_overtaking_(trucks)_(prohibitory)
00378.jpg,800,1360,22,242,145,362,speed_limit_120_(prohibitory)
00379.jpg,800,1360,186,458,232,504,speed_limit_120_(prohibitory)
00379.jpg,800,1360,1064,488,1112,536,no_overtaking_(trucks)_(prohibitory)
00379.jpg,800,1360,185,503,232,550,no_overtaking_(trucks)_(prohibitory)
00379.jpg,800,1360,1062,442,1109,489,speed_limit_120_(prohibitory)
00380.jpg,800,1360,551,559,575,583,no_overtaking_(trucks)_(prohibitory)
00380.jpg,800,1360,953,564,976,587,no_overtaking_(trucks)_(prohibitory)
00380.jpg,800,1360,952,540,975,563,speed_limit_120_(prohibitory)
00380.jpg,800,1360,551,535,575,559,speed_limit_120_(prohibitory)
00382.jpg,800,1360,445,490,485,530,speed_limit_120_(prohibitory)
00382.jpg,800,1360,446,529,485,568,no_overtaking_(trucks)_(prohibitory)
00382.jpg,800,1360,1209,496,1248,535,speed_limit_120_(prohibitory)
00382.jpg,800,1360,1211,533,1250,572,no_overtaking_(trucks)_(prohibitory)
00383.jpg,800,1360,527,546,561,575,snow_(danger)
00383.jpg,800,1360,988,542,1021,571,snow_(danger)
00384.jpg,800,1360,1199,416,1263,480,speed_limit_120_(prohibitory)
00384.jpg,800,1360,1202,479,1267,544,no_overtaking_(trucks)_(prohibitory)
00385.jpg,800,1360,977,529,1016,568,speed_limit_120_(prohibitory)
00385.jpg,800,1360,267,531,307,571,speed_limit_120_(prohibitory)
00386.jpg,800,1360,555,561,580,586,no_overtaking_(trucks)_(prohibitory)
00386.jpg,800,1360,977,550,1000,573,no_overtaking_(trucks)_(prohibitory)
00387.jpg,800,1360,411,499,477,563,snow_(danger)
00387.jpg,800,1360,1185,484,1251,547,snow_(danger)
00388.jpg,800,1360,1274,497,1346,561,give_way_(other)
00390.jpg,800,1360,455,502,503,550,speed_limit_120_(prohibitory)
00390.jpg,800,1360,1219,494,1265,541,speed_limit_120_(prohibitory)
00391.jpg,800,1360,1260,502,1304,551,restriction_ends_80_(other)
00391.jpg,800,1360,198,508,247,558,restriction_ends_80_(other)
00392.jpg,800,1360,358,443,423,512,speed_limit_100_(prohibitory)
00393.jpg,800,1360,278,484,373,571,slippery_road_(danger)
00395.jpg,800,1360,201,519,241,561,restriction_ends_80_(other)
00395.jpg,800,1360,903,519,938,555,restriction_ends_80_(other)
00396.jpg,800,1360,192,484,238,531,speed_limit_100_(prohibitory)
00396.jpg,800,1360,998,468,1046,516,speed_limit_100_(prohibitory)
00397.jpg,800,1360,949,559,983,593,no_overtaking_(trucks)_(prohibitory)
00397.jpg,800,1360,947,524,982,559,speed_limit_70_(prohibitory)
00398.jpg,800,1360,769,517,796,540,traffic_signal_(danger)
00398.jpg,800,1360,771,538,795,560,speed_limit_70_(prohibitory)
00398.jpg,800,1360,772,558,796,582,no_overtaking_(trucks)_(prohibitory)
00400.jpg,800,1360,1236,480,1290,528,traffic_signal_(danger)
00401.jpg,800,1360,420,496,461,537,speed_limit_70_(prohibitory)
00401.jpg,800,1360,1122,497,1163,538,speed_limit_70_(prohibitory)
00402.jpg,800,1360,1094,500,1132,538,restriction_ends_(overtaking_(trucks))_(other)
00403.jpg,800,1360,568,563,591,587,restriction_ends_(overtaking_(trucks))_(other)
00403.jpg,800,1360,940,558,966,584,restriction_ends_(overtaking_(trucks))_(other)
00403.jpg,800,1360,568,540,592,564,speed_limit_70_(prohibitory)
00403.jpg,800,1360,939,532,965,559,speed_limit_70_(prohibitory)
00404.jpg,800,1360,335,415,396,476,speed_limit_70_(prohibitory)
00404.jpg,800,1360,1255,415,1312,472,speed_limit_70_(prohibitory)
00405.jpg,800,1360,1255,470,1309,525,speed_limit_70_(prohibitory)
00405.jpg,800,1360,355,444,411,499,speed_limit_70_(prohibitory)
00405.jpg,800,1360,1249,397,1317,470,priority_road_(other)
00406.jpg,800,1360,520,554,551,581,danger_(danger)
00406.jpg,800,1360,852,544,879,570,danger_(danger)
00406.jpg,800,1360,1046,503,1097,551,snow_(danger)
00406.jpg,800,1360,284,514,333,559,snow_(danger)
00408.jpg,800,1360,128,463,212,539,danger_(danger)
00408.jpg,800,1360,1132,479,1210,549,danger_(danger)
00410.jpg,800,1360,367,615,423,671,keep_right_(mandatory)
00411.jpg,800,1360,185,602,238,662,keep_right_(mandatory)
00411.jpg,800,1360,110,557,139,588,no_entry_(other)
00411.jpg,800,1360,496,552,529,587,no_entry_(other)
00412.jpg,800,1360,1002,499,1047,545,speed_limit_100_(prohibitory)
00413.jpg,800,1360,1038,480,1084,529,speed_limit_60_(prohibitory)
00414.jpg,800,1360,1032,421,1078,468,speed_limit_60_(prohibitory)
00415.jpg,800,1360,827,549,849,571,no_overtaking_(prohibitory)
00416.jpg,800,1360,813,505,851,543,speed_limit_60_(prohibitory)
00417.jpg,800,1360,29,448,129,539,danger_(danger)
00418.jpg,800,1360,455,537,488,566,uneven_road_(danger)
00418.jpg,800,1360,460,563,482,585,speed_limit_120_(prohibitory)
00419.jpg,800,1360,979,489,1025,537,speed_limit_100_(prohibitory)
00420.jpg,800,1360,828,542,851,565,speed_limit_60_(prohibitory)
00420.jpg,800,1360,361,548,383,570,speed_limit_60_(prohibitory)
00421.jpg,800,1360,946,554,976,581,give_way_(other)
00422.jpg,800,1360,599,567,624,591,slippery_road_(danger)
00423.jpg,800,1360,365,469,451,547,construction_(danger)
00423.jpg,800,1360,1151,445,1245,533,construction_(danger)
00425.jpg,800,1360,302,503,342,543,speed_limit_80_(prohibitory)
00425.jpg,800,1360,900,500,941,541,speed_limit_80_(prohibitory)
00425.jpg,800,1360,302,543,342,583,no_overtaking_(trucks)_(prohibitory)
00425.jpg,800,1360,903,541,944,582,no_overtaking_(trucks)_(prohibitory)
00426.jpg,800,1360,1077,391,1197,502,construction_(danger)
00427.jpg,800,1360,294,383,388,479,speed_limit_80_(prohibitory)
00428.jpg,800,1360,325,548,353,576,speed_limit_100_(prohibitory)
00428.jpg,800,1360,937,543,966,572,speed_limit_100_(prohibitory)
00430.jpg,800,1360,929,414,1008,488,give_way_(other)
00431.jpg,800,1360,275,527,314,564,speed_limit_120_(prohibitory)
00431.jpg,800,1360,1141,496,1179,536,speed_limit_120_(prohibitory)
00432.jpg,800,1360,237,560,263,586,speed_limit_120_(prohibitory)
00432.jpg,800,1360,942,512,970,540,speed_limit_120_(prohibitory)
00433.jpg,800,1360,510,529,566,583,construction_(danger)
00434.jpg,800,1360,167,194,257,286,speed_limit_80_(prohibitory)
00435.jpg,800,1360,834,535,862,564,no_overtaking_(prohibitory)
00436.jpg,800,1360,794,531,816,553,speed_limit_80_(prohibitory)
00438.jpg,800,1360,533,559,554,580,restriction_ends_(overtaking)_(other)
00438.jpg,800,1360,841,556,862,577,restriction_ends_(overtaking)_(other)
00439.jpg,800,1360,1194,504,1251,564,speed_limit_120_(prohibitory)
00440.jpg,800,1360,1243,492,1324,562,slippery_road_(danger)
00441.jpg,800,1360,1063,531,1112,580,speed_limit_120_(prohibitory)
00443.jpg,800,1360,817,550,847,578,danger_(danger)
00443.jpg,800,1360,823,579,843,598,speed_limit_120_(prohibitory)
00443.jpg,800,1360,470,551,502,578,danger_(danger)
00443.jpg,800,1360,477,578,497,596,speed_limit_120_(prohibitory)
00444.jpg,800,1360,379,528,427,573,bend_right_(danger)
00444.jpg,800,1360,964,531,1009,573,bend_right_(danger)
00444.jpg,800,1360,389,569,419,600,speed_limit_100_(prohibitory)
00444.jpg,800,1360,972,572,1001,601,speed_limit_100_(prohibitory)
00445.jpg,800,1360,1021,498,1066,544,speed_limit_80_(prohibitory)
00445.jpg,800,1360,213,519,254,561,speed_limit_80_(prohibitory)
00446.jpg,800,1360,401,507,441,544,no_entry_(other)
00446.jpg,800,1360,767,497,803,530,no_entry_(other)
00446.jpg,800,1360,774,568,807,601,keep_right_(mandatory)
00447.jpg,800,1360,1182,418,1268,495,give_way_(other)
00448.jpg,800,1360,581,598,602,620,keep_right_(mandatory)
00449.jpg,800,1360,212,468,254,507,give_way_(other)
00449.jpg,800,1360,812,448,853,486,give_way_(other)
00450.jpg,800,1360,1104,359,1181,429,priority_at_next_intersection_(danger)
00451.jpg,800,1360,790,558,819,585,priority_at_next_intersection_(danger)
00452.jpg,800,1360,876,543,914,578,construction_(danger)
00453.jpg,800,1360,1215,332,1302,407,school_crossing_(danger)
00453.jpg,800,1360,895,497,922,524,priority_at_next_intersection_(danger)
00453.jpg,800,1360,224,407,279,457,school_crossing_(danger)
00455.jpg,800,1360,1094,362,1184,442,priority_at_next_intersection_(danger)
00456.jpg,800,1360,421,414,476,470,speed_limit_60_(prohibitory)
00457.jpg,800,1360,1243,418,1301,475,speed_limit_50_(prohibitory)
00457.jpg,800,1360,517,466,554,504,speed_limit_50_(prohibitory)
00458.jpg,800,1360,989,493,1018,525,priority_road_(other)
00459.jpg,800,1360,877,515,912,548,construction_(danger)
00459.jpg,800,1360,884,548,909,573,speed_limit_30_(prohibitory)
00460.jpg,800,1360,829,456,859,484,priority_road_(other)
00460.jpg,800,1360,831,481,862,512,go_right_(mandatory)
00461.jpg,800,1360,1231,264,1302,331,priority_road_(other)
00463.jpg,800,1360,555,628,585,659,keep_right_(mandatory)
00465.jpg,800,1360,1241,315,1331,395,give_way_(other)
00466.jpg,800,1360,1215,399,1267,443,give_way_(other)
00466.jpg,800,1360,514,468,548,497,give_way_(other)
00466.jpg,800,1360,1226,440,1263,475,go_straight_(mandatory)
00466.jpg,800,1360,519,494,543,518,go_left_(mandatory)
00467.jpg,800,1360,1132,501,1168,537,speed_limit_60_(prohibitory)
00468.jpg,800,1360,1128,506,1165,544,speed_limit_60_(prohibitory)
00470.jpg,800,1360,823,489,847,513,speed_limit_30_(prohibitory)
00470.jpg,800,1360,904,514,938,549,give_way_(other)
00470.jpg,800,1360,1135,218,1248,331,priority_road_(other)
00471.jpg,800,1360,789,491,817,520,priority_road_(other)
00472.jpg,800,1360,880,500,925,544,priority_road_(other)
00473.jpg,800,1360,507,532,540,565,no_overtaking_(trucks)_(prohibitory)
00473.jpg,800,1360,1152,506,1184,538,no_overtaking_(trucks)_(prohibitory)
00474.jpg,800,1360,1242,549,1274,581,speed_limit_100_(prohibitory)
00474.jpg,800,1360,514,569,545,600,speed_limit_100_(prohibitory)
00475.jpg,800,1360,1233,468,1310,543,speed_limit_100_(prohibitory)
00476.jpg,800,1360,163,518,199,555,speed_limit_100_(prohibitory)
00476.jpg,800,1360,1152,523,1187,558,speed_limit_100_(prohibitory)
00477.jpg,800,1360,298,506,338,546,speed_limit_80_(prohibitory)
00478.jpg,800,1360,921,470,963,512,speed_limit_80_(prohibitory)
00478.jpg,800,1360,218,483,258,523,speed_limit_80_(prohibitory)
00479.jpg,800,1360,982,498,1025,539,give_way_(other)
00479.jpg,800,1360,990,539,1020,569,roundabout_(mandatory)
00480.jpg,800,1360,1055,444,1103,492,speed_limit_50_(prohibitory)
00481.jpg,800,1360,908,502,944,535,danger_(danger)
00482.jpg,800,1360,732,526,768,564,priority_road_(other)
00482.jpg,800,1360,260,528,296,570,no_entry_(other)
00482.jpg,800,1360,283,564,303,590,no_entry_(other)
00482.jpg,800,1360,1055,566,1071,587,give_way_(other)
00483.jpg,800,1360,150,510,203,563,speed_limit_100_(prohibitory)
00483.jpg,800,1360,1182,531,1232,583,speed_limit_100_(prohibitory)
00484.jpg,800,1360,339,509,372,542,no_trucks_(prohibitory)
00484.jpg,800,1360,1002,529,1035,563,no_trucks_(prohibitory)
00485.jpg,800,1360,203,377,278,454,no_trucks_(prohibitory)
00486.jpg,800,1360,410,519,465,574,speed_limit_100_(prohibitory)
00487.jpg,800,1360,625,606,644,625,keep_right_(mandatory)
00488.jpg,800,1360,494,611,516,633,keep_right_(mandatory)
00490.jpg,800,1360,842,516,870,539,give_way_(other)
00490.jpg,800,1360,644,596,668,620,keep_right_(mandatory)
00490.jpg,800,1360,847,536,867,556,roundabout_(mandatory)
00491.jpg,800,1360,430,568,488,637,keep_right_(mandatory)
00492.jpg,800,1360,893,528,923,557,priority_at_next_intersection_(danger)
00493.jpg,800,1360,910,450,966,501,danger_(danger)
00494.jpg,800,1360,1113,300,1211,395,speed_limit_30_(prohibitory)
00496.jpg,800,1360,511,494,552,536,speed_limit_120_(prohibitory)
00496.jpg,800,1360,509,535,550,576,no_overtaking_(trucks)_(prohibitory)
00497.jpg,800,1360,392,611,425,651,keep_right_(mandatory)
00498.jpg,800,1360,249,586,298,634,keep_right_(mandatory)
00498.jpg,800,1360,248,482,292,526,no_entry_(other)
00499.jpg,800,1360,1009,497,1056,539,give_way_(other)
00500.jpg,800,1360,952,499,1000,546,speed_limit_80_(prohibitory)
00501.jpg,800,1360,943,557,962,577,speed_limit_70_(prohibitory)
00501.jpg,800,1360,610,558,628,577,speed_limit_70_(prohibitory)
00501.jpg,800,1360,120,282,227,386,no_entry_(other)
00501.jpg,800,1360,107,637,216,748,keep_right_(mandatory)
00502.jpg,800,1360,57,556,85,584,no_entry_(other)
00502.jpg,800,1360,579,555,606,582,no_entry_(other)
00502.jpg,800,1360,558,577,592,611,keep_right_(mandatory)
00503.jpg,800,1360,354,579,423,650,keep_right_(mandatory)
00504.jpg,800,1360,379,595,410,627,keep_right_(mandatory)
00505.jpg,800,1360,1052,480,1092,521,priority_road_(other)
00507.jpg,800,1360,878,473,933,524,priority_at_next_intersection_(danger)
00507.jpg,800,1360,657,587,673,605,keep_right_(mandatory)
00508.jpg,800,1360,865,495,908,534,priority_at_next_intersection_(danger)
00509.jpg,800,1360,833,487,877,527,priority_at_next_intersection_(danger)
00512.jpg,800,1360,230,486,270,522,speed_limit_80_(prohibitory)
00512.jpg,800,1360,1139,490,1179,530,speed_limit_80_(prohibitory)
00513.jpg,800,1360,142,501,197,556,speed_limit_100_(prohibitory)
00514.jpg,800,1360,381,511,418,548,no_overtaking_(trucks)_(prohibitory)
00514.jpg,800,1360,1168,491,1206,530,no_overtaking_(trucks)_(prohibitory)
00515.jpg,800,1360,257,361,333,435,speed_limit_60_(prohibitory)
00516.jpg,800,1360,240,275,298,333,go_left_(mandatory)
00517.jpg,800,1360,271,422,345,496,no_overtaking_(trucks)_(prohibitory)
00518.jpg,800,1360,451,526,499,574,speed_limit_100_(prohibitory)
00519.jpg,800,1360,454,531,507,584,speed_limit_100_(prohibitory)
00520.jpg,800,1360,380,507,436,565,no_overtaking_(trucks)_(prohibitory)
00521.jpg,800,1360,377,574,405,604,speed_limit_100_(prohibitory)
00521.jpg,800,1360,946,565,976,595,speed_limit_100_(prohibitory)
00523.jpg,800,1360,1285,512,1330,555,no_overtaking_(trucks)_(prohibitory)
00523.jpg,800,1360,455,515,502,562,no_overtaking_(trucks)_(prohibitory)
00524.jpg,800,1360,187,530,241,584,speed_limit_100_(prohibitory)
00524.jpg,800,1360,1219,528,1271,580,speed_limit_100_(prohibitory)
00527.jpg,800,1360,874,426,904,456,no_overtaking_(trucks)_(prohibitory)
00527.jpg,800,1360,359,420,389,450,no_overtaking_(trucks)_(prohibitory)
00528.jpg,800,1360,985,339,1026,380,speed_limit_100_(prohibitory)
00528.jpg,800,1360,166,415,205,455,speed_limit_100_(prohibitory)
00530.jpg,800,1360,425,401,460,435,no_overtaking_(trucks)_(prohibitory)
00530.jpg,800,1360,1010,401,1043,434,no_overtaking_(trucks)_(prohibitory)
00531.jpg,800,1360,484,443,504,463,no_overtaking_(trucks)_(prohibitory)
00531.jpg,800,1360,909,431,931,453,no_overtaking_(trucks)_(prohibitory)
00536.jpg,800,1360,27,428,57,458,no_entry_(other)
00536.jpg,800,1360,327,452,353,478,no_entry_(other)
00536.jpg,800,1360,724,479,740,495,keep_right_(mandatory)
00542.jpg,800,1360,842,440,866,464,priority_road_(other)
00544.jpg,800,1360,1054,297,1122,358,priority_at_next_intersection_(danger)
00544.jpg,800,1360,990,425,1028,459,construction_(danger)
00544.jpg,800,1360,744,438,762,458,speed_limit_30_(prohibitory)
00545.jpg,800,1360,213,435,247,474,no_traffic_both_ways_(prohibitory)
00548.jpg,800,1360,775,432,811,468,stop_(other)
00548.jpg,800,1360,782,469,807,494,go_right_or_straight_(mandatory)
00551.jpg,800,1360,937,465,966,493,no_trucks_(prohibitory)
00552.jpg,800,1360,537,512,554,529,speed_limit_120_(prohibitory)
00552.jpg,800,1360,538,528,554,544,no_overtaking_(trucks)_(prohibitory)
00552.jpg,800,1360,814,508,832,526,speed_limit_120_(prohibitory)
00552.jpg,800,1360,815,525,831,541,no_overtaking_(trucks)_(prohibitory)
00554.jpg,800,1360,947,472,984,507,danger_(danger)
00556.jpg,800,1360,1195,499,1253,557,keep_right_(mandatory)
00557.jpg,800,1360,273,462,317,502,slippery_road_(danger)
00557.jpg,800,1360,458,461,506,508,give_way_(other)
00560.jpg,800,1360,1039,173,1099,233,speed_limit_60_(prohibitory)
00564.jpg,800,1360,755,368,799,408,priority_at_next_intersection_(danger)
00565.jpg,800,1360,731,336,764,370,priority_road_(other)
00566.jpg,800,1360,655,395,689,429,no_overtaking_(prohibitory)
00566.jpg,800,1360,124,419,156,451,no_overtaking_(prohibitory)
00566.jpg,800,1360,461,489,481,508,keep_right_(mandatory)
00567.jpg,800,1360,1050,409,1109,460,uneven_road_(danger)
00570.jpg,800,1360,881,416,914,449,no_overtaking_(prohibitory)
00571.jpg,800,1360,1287,361,1308,384,no_entry_(other)
00575.jpg,800,1360,403,474,435,506,keep_right_(mandatory)
00593.jpg,800,1360,584,510,608,534,keep_right_(mandatory)
00599.jpg,800,1360,700,454,722,476,no_overtaking_(prohibitory)
00601.jpg,800,1360,82,450,145,508,speed_limit_100_(prohibitory)
00602.jpg,800,1360,1268,555,1299,586,speed_limit_120_(prohibitory)
00602.jpg,800,1360,443,543,474,574,speed_limit_120_(prohibitory)
00603.jpg,800,1360,361,445,417,500,no_overtaking_(trucks)_(prohibitory)
00604.jpg,800,1360,365,482,437,546,snow_(danger)
00605.jpg,800,1360,167,511,206,550,speed_limit_70_(prohibitory)
00605.jpg,800,1360,846,501,881,535,speed_limit_70_(prohibitory)
00606.jpg,800,1360,853,501,887,535,restriction_ends_(overtaking_(trucks))_(other)
00607.jpg,800,1360,888,472,950,526,road_narrows_(danger)
00608.jpg,800,1360,948,370,1001,420,priority_road_(other)
00609.jpg,800,1360,809,507,841,539,speed_limit_70_(prohibitory)
00609.jpg,800,1360,310,512,343,546,speed_limit_70_(prohibitory)
00610.jpg,800,1360,912,525,939,553,priority_road_(other)
00610.jpg,800,1360,917,553,938,574,speed_limit_70_(prohibitory)
00611.jpg,800,1360,839,488,872,521,speed_limit_70_(prohibitory)
00611.jpg,800,1360,840,520,873,552,no_overtaking_(trucks)_(prohibitory)
00612.jpg,800,1360,127,521,218,612,keep_right_(mandatory)
00612.jpg,800,1360,170,374,246,451,no_entry_(other)
00613.jpg,800,1360,1132,561,1169,598,speed_limit_80_(prohibitory)
00613.jpg,800,1360,478,546,513,581,speed_limit_80_(prohibitory)
00615.jpg,800,1360,881,530,926,572,danger_(danger)
00615.jpg,800,1360,890,572,918,600,speed_limit_120_(prohibitory)
00615.jpg,800,1360,375,531,421,574,danger_(danger)
00615.jpg,800,1360,386,571,413,600,speed_limit_120_(prohibitory)
00616.jpg,800,1360,437,558,463,584,restriction_ends_(other)
00616.jpg,800,1360,876,541,904,569,restriction_ends_(other)
00619.jpg,800,1360,841,415,880,450,give_way_(other)
00620.jpg,800,1360,863,425,892,454,no_overtaking_(prohibitory)
00621.jpg,800,1360,782,443,808,469,speed_limit_70_(prohibitory)
00622.jpg,800,1360,814,424,860,465,uneven_road_(danger)
00623.jpg,800,1360,974,374,1034,434,speed_limit_70_(prohibitory)
00624.jpg,800,1360,387,505,434,554,keep_right_(mandatory)
00624.jpg,800,1360,821,464,845,488,speed_limit_50_(prohibitory)
00625.jpg,800,1360,1037,377,1102,443,speed_limit_50_(prohibitory)
00626.jpg,800,1360,857,404,895,442,speed_limit_50_(prohibitory)
00626.jpg,800,1360,857,444,893,480,no_overtaking_(prohibitory)
00628.jpg,800,1360,998,276,1085,363,restriction_ends_(other)
00630.jpg,800,1360,1219,315,1285,385,speed_limit_70_(prohibitory)
00631.jpg,800,1360,799,478,834,512,speed_limit_70_(prohibitory)
00631.jpg,800,1360,794,434,839,479,priority_road_(other)
00632.jpg,800,1360,101,379,147,424,speed_limit_30_(prohibitory)
00633.jpg,800,1360,290,501,360,582,keep_right_(mandatory)
00634.jpg,800,1360,525,371,570,416,speed_limit_50_(prohibitory)
00635.jpg,800,1360,826,423,864,461,no_overtaking_(prohibitory)
00637.jpg,800,1360,868,401,916,445,priority_at_next_intersection_(danger)
00638.jpg,800,1360,914,374,953,414,speed_limit_30_(prohibitory)
00639.jpg,800,1360,289,504,337,553,keep_right_(mandatory)
00640.jpg,800,1360,1105,353,1176,424,speed_limit_70_(prohibitory)
00640.jpg,800,1360,1089,257,1187,355,priority_road_(other)
00641.jpg,800,1360,26,425,68,467,no_entry_(other)
00642.jpg,800,1360,860,327,934,401,priority_road_(other)
00642.jpg,800,1360,434,496,457,518,keep_right_(mandatory)
00644.jpg,800,1360,76,514,130,571,keep_right_(mandatory)
00645.jpg,800,1360,1034,311,1090,367,speed_limit_30_(prohibitory)
00646.jpg,800,1360,1059,440,1090,469,give_way_(other)
00646.jpg,800,1360,560,434,590,460,give_way_(other)
00647.jpg,800,1360,611,515,633,537,keep_right_(mandatory)
00648.jpg,800,1360,346,378,414,439,construction_(danger)
00649.jpg,800,1360,819,304,866,350,priority_road_(other)
00650.jpg,800,1360,1123,281,1193,350,priority_road_(other)
00650.jpg,800,1360,487,515,508,537,keep_right_(mandatory)
00651.jpg,800,1360,788,339,861,405,construction_(danger)
00651.jpg,800,1360,800,404,851,456,speed_limit_30_(prohibitory)
00653.jpg,800,1360,786,418,808,441,go_straight_(mandatory)
00653.jpg,800,1360,780,380,811,411,priority_road_(other)
00654.jpg,800,1360,1241,301,1297,360,priority_road_(other)
00655.jpg,800,1360,935,322,984,370,priority_road_(other)
00655.jpg,800,1360,544,520,564,540,keep_right_(mandatory)
00656.jpg,800,1360,574,465,599,490,no_traffic_both_ways_(prohibitory)
00657.jpg,800,1360,991,400,1026,435,no_trucks_(prohibitory)
00658.jpg,800,1360,858,340,937,410,slippery_road_(danger)
00659.jpg,800,1360,993,430,1033,470,speed_limit_50_(prohibitory)
00660.jpg,800,1360,943,422,979,458,no_overtaking_(prohibitory)
00661.jpg,800,1360,1138,401,1169,430,speed_limit_50_(prohibitory)
00662.jpg,800,1360,948,440,993,481,uneven_road_(danger)
00663.jpg,800,1360,830,307,896,367,give_way_(other)
00664.jpg,800,1360,842,393,886,438,priority_road_(other)
00664.jpg,800,1360,849,437,880,468,speed_limit_70_(prohibitory)
00665.jpg,800,1360,693,413,742,455,slippery_road_(danger)
00665.jpg,800,1360,557,471,579,493,speed_limit_70_(prohibitory)
00667.jpg,800,1360,737,444,764,471,speed_limit_70_(prohibitory)
00668.jpg,800,1360,1083,254,1172,340,speed_limit_50_(prohibitory)
00668.jpg,800,1360,1070,139,1187,254,priority_road_(other)
00669.jpg,800,1360,899,393,949,444,speed_limit_70_(prohibitory)
00670.jpg,800,1360,997,306,1064,373,speed_limit_70_(prohibitory)
00671.jpg,800,1360,839,348,892,394,traffic_signal_(danger)
00671.jpg,800,1360,846,393,883,430,speed_limit_50_(prohibitory)
00672.jpg,800,1360,892,325,950,376,give_way_(other)
00672.jpg,800,1360,123,265,194,328,give_way_(other)
00673.jpg,800,1360,414,406,474,459,priority_at_next_intersection_(danger)
00674.jpg,800,1360,717,371,751,405,speed_limit_30_(prohibitory)
00675.jpg,800,1360,641,503,676,538,keep_right_(mandatory)
00675.jpg,800,1360,1008,388,1043,422,give_way_(other)
00675.jpg,800,1360,1012,421,1037,447,roundabout_(mandatory)
00678.jpg,800,1360,698,403,742,445,give_way_(other)
00679.jpg,800,1360,720,409,759,450,go_right_(mandatory)
00679.jpg,800,1360,705,343,768,406,stop_(other)
00680.jpg,800,1360,900,394,953,448,speed_limit_30_(prohibitory)
00680.jpg,800,1360,367,439,395,467,go_straight_(mandatory)
00681.jpg,800,1360,820,434,846,460,speed_limit_30_(prohibitory)
00682.jpg,800,1360,278,426,319,467,go_straight_(mandatory)
00682.jpg,800,1360,885,421,930,466,go_straight_(mandatory)
00682.jpg,800,1360,261,486,290,515,keep_right_(mandatory)
00683.jpg,800,1360,387,455,409,477,no_overtaking_(trucks)_(prohibitory)
00683.jpg,800,1360,889,450,913,475,no_overtaking_(trucks)_(prohibitory)
00685.jpg,800,1360,615,508,659,552,keep_right_(mandatory)
00686.jpg,800,1360,377,437,412,474,speed_limit_80_(prohibitory)
00688.jpg,800,1360,850,410,886,446,stop_(other)
00688.jpg,800,1360,401,428,434,461,stop_(other)
00689.jpg,800,1360,590,488,621,516,construction_(danger)
00689.jpg,800,1360,890,485,922,514,construction_(danger)
00690.jpg,800,1360,775,506,799,529,speed_limit_70_(prohibitory)
00691.jpg,800,1360,885,492,907,514,speed_limit_70_(prohibitory)
00691.jpg,800,1360,469,490,490,512,speed_limit_70_(prohibitory)
00692.jpg,800,1360,1050,357,1091,397,no_traffic_both_ways_(prohibitory)
00693.jpg,800,1360,984,383,1024,423,speed_limit_60_(prohibitory)
00694.jpg,800,1360,808,411,841,443,priority_road_(other)
00695.jpg,800,1360,793,386,824,417,priority_road_(other)
00696.jpg,800,1360,717,446,737,466,no_overtaking_(prohibitory)
00697.jpg,800,1360,944,322,1020,389,construction_(danger)
00698.jpg,800,1360,737,413,765,442,speed_limit_30_(prohibitory)
00699.jpg,800,1360,727,413,756,443,speed_limit_30_(prohibitory)
00700.jpg,800,1360,848,348,913,406,give_way_(other)
00701.jpg,800,1360,1042,396,1088,442,speed_limit_50_(prohibitory)
00701.jpg,800,1360,1032,333,1096,396,priority_road_(other)
00702.jpg,800,1360,688,446,707,468,priority_road_(other)
00703.jpg,800,1360,994,311,1051,363,school_crossing_(danger)
00703.jpg,800,1360,1001,360,1042,401,speed_limit_30_(prohibitory)
00704.jpg,800,1360,766,411,793,438,speed_limit_50_(prohibitory)
00705.jpg,800,1360,955,343,991,378,speed_limit_30_(prohibitory)
00706.jpg,800,1360,866,371,899,402,speed_limit_30_(prohibitory)
00707.jpg,800,1360,907,383,943,419,speed_limit_70_(prohibitory)
00710.jpg,800,1360,1084,201,1164,283,speed_limit_50_(prohibitory)
00712.jpg,800,1360,932,361,984,413,no_overtaking_(prohibitory)
00714.jpg,800,1360,784,313,828,357,speed_limit_30_(prohibitory)
00715.jpg,800,1360,285,346,351,412,keep_right_(mandatory)
00716.jpg,800,1360,820,335,869,386,speed_limit_70_(prohibitory)
00716.jpg,800,1360,814,266,882,335,priority_road_(other)
00717.jpg,800,1360,835,435,859,459,speed_limit_70_(prohibitory)
00719.jpg,800,1360,933,390,969,427,speed_limit_50_(prohibitory)
00720.jpg,800,1360,737,429,756,448,speed_limit_50_(prohibitory)
00721.jpg,800,1360,901,354,935,385,give_way_(other)
00722.jpg,800,1360,104,364,164,418,slippery_road_(danger)
00722.jpg,800,1360,992,330,1049,381,slippery_road_(danger)
00723.jpg,800,1360,746,360,800,408,slippery_road_(danger)
00723.jpg,800,1360,180,366,236,414,slippery_road_(danger)
00723.jpg,800,1360,696,424,717,446,speed_limit_70_(prohibitory)
00725.jpg,800,1360,552,599,573,621,keep_left_(mandatory)
00728.jpg,800,1360,498,563,532,596,construction_(danger)
00729.jpg,800,1360,536,489,570,523,speed_limit_60_(prohibitory)
00730.jpg,800,1360,466,443,512,490,speed_limit_60_(prohibitory)
00730.jpg,800,1360,1053,517,1083,547,speed_limit_60_(prohibitory)
00732.jpg,800,1360,966,528,992,554,priority_road_(other)
00733.jpg,800,1360,442,583,490,632,keep_right_(mandatory)
00733.jpg,800,1360,508,426,543,462,speed_limit_70_(prohibitory)
00733.jpg,800,1360,937,523,965,551,speed_limit_70_(prohibitory)
00734.jpg,800,1360,1090,450,1166,528,speed_limit_60_(prohibitory)
00736.jpg,800,1360,828,550,856,577,construction_(danger)
00737.jpg,800,1360,603,444,638,476,give_way_(other)
00737.jpg,800,1360,470,449,507,483,give_way_(other)
00738.jpg,800,1360,555,605,584,634,keep_right_(mandatory)
00740.jpg,800,1360,1163,510,1213,560,speed_limit_80_(prohibitory)
00740.jpg,800,1360,489,513,534,558,speed_limit_80_(prohibitory)
00740.jpg,800,1360,1071,554,1094,577,give_way_(other)
00741.jpg,800,1360,438,558,465,585,no_overtaking_(trucks)_(prohibitory)
00741.jpg,800,1360,972,555,1000,583,no_overtaking_(trucks)_(prohibitory)
00742.jpg,800,1360,334,562,368,596,speed_limit_100_(prohibitory)
00742.jpg,800,1360,960,554,995,587,speed_limit_100_(prohibitory)
00744.jpg,800,1360,1155,536,1183,564,give_way_(other)
00746.jpg,800,1360,1135,492,1181,537,speed_limit_120_(prohibitory)
00746.jpg,800,1360,235,469,281,515,speed_limit_120_(prohibitory)
00746.jpg,800,1360,236,515,280,561,no_overtaking_(trucks)_(prohibitory)
00746.jpg,800,1360,1138,537,1182,579,no_overtaking_(trucks)_(prohibitory)
00747.jpg,800,1360,298,489,345,538,restriction_ends_80_(other)
00747.jpg,800,1360,1148,506,1196,553,restriction_ends_80_(other)
00749.jpg,800,1360,301,551,346,596,speed_limit_80_(prohibitory)
00749.jpg,800,1360,1153,546,1200,593,speed_limit_80_(prohibitory)
00751.jpg,800,1360,725,568,755,596,give_way_(other)
00752.jpg,800,1360,934,448,979,494,speed_limit_30_(prohibitory)
00754.jpg,800,1360,728,593,767,632,keep_right_(mandatory)
00755.jpg,800,1360,1084,294,1208,418,priority_road_(other)
00755.jpg,800,1360,852,518,883,549,speed_limit_30_(prohibitory)
00755.jpg,800,1360,563,595,593,625,keep_right_(mandatory)
00756.jpg,800,1360,881,524,931,574,priority_road_(other)
00758.jpg,800,1360,982,521,1014,553,speed_limit_120_(prohibitory)
00758.jpg,800,1360,374,515,406,547,speed_limit_120_(prohibitory)
00758.jpg,800,1360,376,548,407,579,no_overtaking_(trucks)_(prohibitory)
00758.jpg,800,1360,982,553,1015,586,no_overtaking_(trucks)_(prohibitory)
00760.jpg,800,1360,591,538,616,563,speed_limit_120_(prohibitory)
00760.jpg,800,1360,591,563,616,587,no_overtaking_(trucks)_(prohibitory)
00760.jpg,800,1360,1023,542,1049,569,speed_limit_120_(prohibitory)
00760.jpg,800,1360,1024,568,1048,592,no_overtaking_(trucks)_(prohibitory)
00761.jpg,800,1360,35,541,95,597,keep_right_(mandatory)
00762.jpg,800,1360,334,378,401,438,give_way_(other)
00762.jpg,800,1360,1154,405,1218,465,give_way_(other)
00763.jpg,800,1360,865,514,904,547,priority_at_next_intersection_(danger)
00764.jpg,800,1360,814,511,851,547,priority_at_next_intersection_(danger)
00766.jpg,800,1360,256,495,289,533,no_traffic_both_ways_(prohibitory)
00770.jpg,800,1360,1059,503,1095,539,restriction_ends_(overtaking)_(other)
00770.jpg,800,1360,468,535,497,564,no_entry_(other)
00770.jpg,800,1360,526,578,555,607,keep_right_(mandatory)
00771.jpg,800,1360,836,437,870,468,danger_(danger)
00771.jpg,800,1360,867,478,917,523,give_way_(other)
00771.jpg,800,1360,153,536,204,583,give_way_(other)
00772.jpg,800,1360,842,553,864,573,danger_(danger)
00773.jpg,800,1360,879,514,903,538,speed_limit_30_(prohibitory)
00773.jpg,800,1360,1048,430,1094,476,priority_road_(other)
00774.jpg,800,1360,929,516,961,548,speed_limit_30_(prohibitory)
00775.jpg,800,1360,884,483,930,529,speed_limit_30_(prohibitory)
00776.jpg,800,1360,861,505,893,537,speed_limit_30_(prohibitory)
00776.jpg,800,1360,1076,315,1188,427,priority_road_(other)
00776.jpg,800,1360,646,604,667,625,keep_right_(mandatory)
00777.jpg,800,1360,834,526,858,550,speed_limit_30_(prohibitory)
00777.jpg,800,1360,916,404,981,469,priority_road_(other)
00778.jpg,800,1360,989,554,1033,599,keep_left_(mandatory)
00779.jpg,800,1360,505,487,553,532,road_narrows_(danger)
00780.jpg,800,1360,365,468,466,558,construction_(danger)
00780.jpg,800,1360,1165,572,1227,636,speed_limit_60_(prohibitory)
00780.jpg,800,1360,1142,487,1237,575,construction_(danger)
00780.jpg,800,1360,380,557,444,621,speed_limit_60_(prohibitory)
00782.jpg,800,1360,1007,455,1052,497,give_way_(other)
00782.jpg,800,1360,225,454,279,502,give_way_(other)
00783.jpg,800,1360,276,568,319,614,keep_right_(mandatory)
00784.jpg,800,1360,31,576,152,701,keep_right_(mandatory)
00785.jpg,800,1360,510,435,542,467,go_left_(mandatory)
00785.jpg,800,1360,1003,469,1035,501,go_left_(mandatory)
00785.jpg,800,1360,504,397,548,435,give_way_(other)
00785.jpg,800,1360,996,428,1040,470,give_way_(other)
00787.jpg,800,1360,1003,422,1090,497,priority_at_next_intersection_(danger)
00787.jpg,800,1360,377,595,393,613,danger_(danger)
00788.jpg,800,1360,959,501,1042,586,danger_(danger)
00789.jpg,800,1360,759,516,787,545,stop_(other)
00791.jpg,800,1360,906,469,961,519,snow_(danger)
00791.jpg,800,1360,985,412,1062,489,speed_limit_70_(prohibitory)
00794.jpg,800,1360,1032,518,1062,551,priority_road_(other)
00795.jpg,800,1360,168,612,216,663,keep_right_(mandatory)
00797.jpg,800,1360,832,456,866,489,go_left_or_straight_(mandatory)
00797.jpg,800,1360,396,494,423,522,go_left_(mandatory)
00797.jpg,800,1360,391,466,428,500,give_way_(other)
00797.jpg,800,1360,822,417,868,457,give_way_(other)
00798.jpg,800,1360,786,545,806,565,speed_limit_50_(prohibitory)
00798.jpg,800,1360,1090,445,1162,509,give_way_(other)
2-0.jpg,480,640,216,23,355,28,start-stop
3-0.jpg,480,640,216,24,354,28,start-stop
4-0.jpg,480,640,218,23,354,28,start-stop
5-0.jpg,480,640,217,25,354,29,start-stop
7-0.jpg,480,640,211,26,355,33,start-stop
8-0.jpg,480,640,212,26,355,32,start-stop
9-0.jpg,480,640,210,28,357,34,start-stop
10-0.jpg,480,640,208,29,356,34,start-stop
11-0.jpg,480,640,206,31,357,36,start-stop
13-0.jpg,480,640,199,36,357,41,start-stop
14-0.jpg,480,640,198,38,359,43,start-stop
15-0.jpg,480,640,193,39,359,46,start-stop
16-0.jpg,480,640,189,43,362,49,start-stop
18-0.jpg,480,640,178,50,366,57,start-stop
19-0.jpg,480,640,172,54,365,61,start-stop
20-0.jpg,480,640,166,59,371,67,start-stop
21-0.jpg,480,640,156,64,374,73,start-stop
22-0.jpg,480,640,146,71,376,80,start-stop
24-0.jpg,480,640,120,90,383,101,start-stop
25-0.jpg,480,640,105,101,389,112,start-stop
26-0.jpg,480,640,88,115,397,129,start-stop
27-0.jpg,480,640,50,132,406,150,start-stop
28-0.jpg,480,640,8,158,418,180,start-stop
29-0.jpg,480,640,1,189,435,217,start-stop
30-0.jpg,480,640,0,233,462,276,start-stop
32-0.jpg,480,640,1,417,524,480,start-stop
463-0.jpg,480,640,0,21,34,34,start-stop
464-0.jpg,480,640,1,22,43,35,start-stop
465-0.jpg,480,640,0,23,51,37,start-stop
467-0.jpg,480,640,1,25,70,44,start-stop
468-0.jpg,480,640,1,27,79,48,start-stop
469-0.jpg,480,640,0,27,89,51,start-stop
470-0.jpg,480,640,1,28,100,54,start-stop
471-0.jpg,480,640,0,30,111,58,start-stop
472-0.jpg,480,640,0,30,122,63,start-stop
474-0.jpg,480,640,1,33,147,72,start-stop
475-0.jpg,480,640,1,36,160,76,start-stop
477-0.jpg,480,640,1,42,188,87,start-stop
478-0.jpg,480,640,0,43,202,92,start-stop
479-0.jpg,480,640,1,48,217,98,start-stop
480-0.jpg,480,640,1,53,233,104,start-stop
482-0.jpg,480,640,1,62,263,120,start-stop
483-0.jpg,480,640,0,70,278,130,start-stop
484-0.jpg,480,640,1,80,295,136,start-stop
485-0.jpg,480,640,1,91,312,147,start-stop
486-0.jpg,480,640,0,104,332,162,start-stop
487-0.jpg,480,640,1,123,351,179,start-stop
488-0.jpg,480,640,1,147,374,198,start-stop
490-0.jpg,480,640,0,219,425,273,start-stop
491-0.jpg,480,640,0,282,451,359,start-stop
492-0.jpg,480,640,0,376,533,480,start-stop
